No,Recipe,Keywords,Intensity Tier,Trigger,Duration,Easing,Snippet,Reduced Motion End State,Cleanup,Performance Notes,Failure Mode
1,lenis-setup,"lenis, smooth scroll, scroll proxy, inertia, scroller",foundation,page load,n/a,n/a,"const lenis = new Lenis({ duration: 1.05, smoothWheel: true }); lenis.on('scroll', ScrollTrigger.update); gsap.ticker.add((t) => lenis.raf(t * 1000)); gsap.ticker.lagSmoothing(0);","if (matchMedia('(prefers-reduced-motion: reduce)').matches) { /* skip Lenis entirely, use native scroll */ }","lenis.destroy(); gsap.ticker.remove(rafFn); ScrollTrigger.killAll();",One rAF loop shared with GSAP. Never run lenis.raf in a second requestAnimationFrame loop,"Two scroll systems fighting: anchor links jump then drift, and ScrollTrigger positions drift by a frame"
2,hero-stagger-in,"hero, entrance, headline, stagger, first paint, opening",tier-1-restrained,page load after fonts ready,600-800ms,power3.out,"await document.fonts.ready; gsap.from('[data-hero] > *', { y: 24, opacity: 0, duration: 0.7, stagger: 0.08, ease: 'power3.out' });",Elements render at their natural position with no gsap.from call; never start from opacity 0 in CSS,"tl.kill() on unmount",Use gsap.from so the resting state is the HTML state and the content is visible without JS,"Starting state written in CSS as opacity:0 means the hero stays blank forever if the script fails"
3,fade-in-stagger,"fade in, reveal, on scroll, appear, stagger, generic reveal",tier-1-restrained,ScrollTrigger start top 85%,500-600ms,power2.out,"ScrollTrigger.batch('[data-reveal]', { start: 'top 85%', once: true, onEnter: (els) => gsap.from(els, { y: 20, opacity: 0, duration: 0.55, stagger: 0.07, ease: 'power2.out' }) });",Elements visible at rest; skip the batch registration entirely,"ScrollTrigger.getAll().forEach(t => t.kill())",ScrollTrigger.batch groups nearby elements into one tween instead of creating one trigger per node,"One ScrollTrigger per card on a 60-card page: hundreds of triggers recalculating on every resize"
4,card-reveal-stagger,"cards, grid, services, products, tiles, staggered cards",tier-2-editorial,ScrollTrigger start top 80%,500-700ms,power2.out,"gsap.from('[data-card]', { scrollTrigger: { trigger: '[data-cards]', start: 'top 80%', once: true }, y: 28, opacity: 0, duration: 0.6, stagger: { each: 0.06, from: 'start' }, ease: 'power2.out' });",Grid rendered fully; no tween,"trigger.kill(true)",Stagger the whole grid from one trigger. Cap total stagger duration at ~600ms or the last card feels broken,"Per-card triggers make the last card animate long after the visitor has scrolled past it"
5,text-line-reveal,"split text, line reveal, mask, headline, typography reveal, clip",tier-3-cinematic,ScrollTrigger start top 80%,700-900ms,expo.out,"const split = new SplitText(el, { type: 'lines', linesClass: 'line' }); gsap.from(split.lines, { yPercent: 110, duration: 0.85, stagger: 0.08, ease: 'expo.out', scrollTrigger: { trigger: el, start: 'top 80%', once: true } });",Original text node untouched; do not split at all under reduced motion,"split.revert() on unmount and before re-split on resize",Re-split on resize breakpoint change only. Splitting requires overflow-hidden wrappers per line,"Split text left in the DOM breaks screen-reader reading and text selection if revert is never called"
6,scroll-reveal-alternating,"alternating rows, zigzag, media text, feature rows",tier-2-editorial,ScrollTrigger start top 75%,600ms,power2.out,"gsap.utils.toArray('[data-row]').forEach((row, i) => gsap.from(row.querySelectorAll('[data-media],[data-copy]'), { x: i % 2 ? 32 : -32, opacity: 0, duration: 0.6, stagger: 0.1, ease: 'power2.out', scrollTrigger: { trigger: row, start: 'top 75%', once: true } }));",Rows at rest; no horizontal offset,"kill each trigger in the returned cleanup",Horizontal offsets must be small enough not to create a scrollbar; use transform not left,"x offsets on a full-width row create horizontal overflow on mobile"
7,image-parallax-scrub,"parallax, image, depth, scrub, background shift",tier-2-editorial,ScrollTrigger scrub,scrub 0.5,none (linear),"gsap.to('[data-parallax] img', { yPercent: 12, ease: 'none', scrollTrigger: { trigger: '[data-parallax]', start: 'top bottom', end: 'bottom top', scrub: 0.5 } });",No tween; image static in its container,"trigger.kill()",Image must be 12-15% taller than its overflow-hidden container or the parallax exposes an edge,"Parallax on an image sized exactly to the container reveals background at scroll extremes"
8,ken-burns-slow,"ken burns, slow zoom, hero image, atmosphere, drift",tier-3-cinematic,in view,12-20s loop,none,"gsap.to('[data-kenburns]', { scale: 1.08, duration: 16, ease: 'none', repeat: -1, yoyo: true });",scale 1 and no repeat,"tween.kill() when the section leaves the viewport",Pause when offscreen with ScrollTrigger toggleActions or an IntersectionObserver; a permanent loop burns battery,"An infinite tween on a 4000px hero image keeps the compositor busy on every frame for the whole session"
9,parallax-product-float,"floating product, hover drift, packshot, gentle motion",tier-2-editorial,in view plus pointer,4-6s loop,sine.inOut,"gsap.to('[data-float]', { y: -12, duration: 5, ease: 'sine.inOut', repeat: -1, yoyo: true });",y 0 and no repeat,"tween.kill()",Amplitude under 16px. Combine with a pointer-driven tilt capped at 6 degrees,"Large-amplitude float makes the product feel unstable and causes overlap at small viewports"
10,pinned-scrub,"pin, sticky section, scrub, storytelling, scroll driven",tier-3-cinematic,ScrollTrigger pin with scrub,scrub 1,none,"ScrollTrigger.create({ trigger: '[data-pin]', start: 'top top', end: '+=120%', pin: true, scrub: 1, animation: tl, anticipatePin: 1, invalidateOnRefresh: true });",No pin; the section reads as a normal stacked block,"trigger.kill(true) and ScrollTrigger.refresh() after layout changes",At most one pinned section per page. Pin length must be a multiple of viewport height not a pixel constant,"Pinned section shorter than its content on mobile clips the last lines with no way to reach them"
11,horizontal-scroll-section,"horizontal scroll, sideways, gallery scroll, carousel scrub",tier-4-spectacle,ScrollTrigger pin with scrub,scrub 1,none,"const track = document.querySelector('[data-track]'); gsap.to(track, { x: () => -(track.scrollWidth - innerWidth), ease: 'none', scrollTrigger: { trigger: '[data-hscroll]', pin: true, scrub: 1, end: () => '+=' + (track.scrollWidth - innerWidth), invalidateOnRefresh: true } });",Native horizontally scrollable overflow container with normal vertical page flow,"trigger.kill(true)",Use function-based end so it recalculates on resize. Provide a native scroll fallback below 768,"Keyboard users tab to an item inside the track and the browser scrolls the container, desynchronising the pin"
12,sticky-stack-cards,"stacked cards, card stack, layered scroll, overlap",tier-3-cinematic,ScrollTrigger per card,scrub,none,"gsap.utils.toArray('[data-stack] > *').forEach((card, i, arr) => { gsap.to(card, { scale: 0.94, opacity: i === arr.length - 1 ? 1 : 0.6, scrollTrigger: { trigger: card, start: 'top 12%', end: 'bottom top', scrub: true } }); });",Cards in normal document flow with margin separation,"kill all created triggers",position: sticky handles the layering; GSAP only handles scale and opacity,"Using JS to position the cards instead of sticky causes jitter on momentum scroll"
13,step-line-draw-scrub,"line draw, connector, svg path, process steps, progress line",tier-2-editorial,ScrollTrigger scrub,scrub 0.6,none,"const path = document.querySelector('[data-line]'); const len = path.getTotalLength(); gsap.fromTo(path, { strokeDasharray: len, strokeDashoffset: len }, { strokeDashoffset: 0, ease: 'none', scrollTrigger: { trigger: '[data-steps]', start: 'top 70%', end: 'bottom 70%', scrub: 0.6 } });",Path fully drawn with no dash offset,"trigger.kill()",The SVG connector is decorative and aria-hidden. Recompute length on resize if the path is responsive,"A dash offset left applied when the script errors leaves an invisible connector"
14,count-up-once,"counter, count up, numbers, stats, odometer",tier-1-restrained,ScrollTrigger once,1.2-1.6s,power1.out,"gsap.utils.toArray('[data-count]').forEach(el => { const end = Number(el.dataset.count); gsap.fromTo(el, { textContent: 0 }, { textContent: end, duration: 1.4, ease: 'power1.out', snap: { textContent: 1 }, scrollTrigger: { trigger: el, start: 'top 85%', once: true }, onUpdate: () => { el.textContent = Number(el.textContent).toLocaleString(); } }); });",Final value already in the HTML; skip the tween,"trigger.kill()",Render the final value server-side or in the markup and animate from it — never from an empty node,"aria-live on the counter makes a screen reader announce every intermediate number"
15,timeline-rail-scrub,"timeline, rail, milestones, history scrub, progress",tier-2-editorial,ScrollTrigger scrub plus per-entry once,scrub 0.5,none,"gsap.to('[data-rail-fill]', { scaleY: 1, transformOrigin: 'top', ease: 'none', scrollTrigger: { trigger: '[data-timeline]', start: 'top 60%', end: 'bottom 80%', scrub: 0.5 } });",Rail fully filled; entries visible,"trigger.kill()",Animate scaleY on a pseudo-rail rather than height to stay on the compositor,"Animating height forces layout on every scroll frame"
16,marquee-pausable,"marquee, ticker, logo strip, infinite scroll, running text",tier-2-editorial,continuous,20-40s loop,none,"const loop = gsap.to('[data-marquee-track]', { xPercent: -50, duration: 30, ease: 'none', repeat: -1 }); track.addEventListener('mouseenter', () => loop.pause()); pauseBtn.addEventListener('click', () => loop.paused(!loop.paused()));",Static wrapped row; no duplication of items,"loop.kill()",Duplicate the item list exactly once and translate by -50% for a seamless loop,"WCAG 2.2.2 requires a pause control for motion lasting over five seconds — an unpausable marquee is a conformance failure"
17,accordion-height-transition,"accordion, faq, disclosure, expand, collapse",tier-1-restrained,click,250-300ms,power2.out,"panel.style.gridTemplateRows = open ? '1fr' : '0fr'; /* CSS: .panel { display: grid; transition: grid-template-rows 280ms var(--ease); } .panel > div { overflow: hidden; }",Instant state change with transition: none,"remove listeners on unmount",grid-template-rows 0fr to 1fr animates to auto height without measuring in JS,"Animating max-height with a guessed value clips long answers or adds a lag before the collapse starts"
18,header-compact-on-scroll,"sticky header, shrink, compact nav, hide on scroll",tier-1-restrained,ScrollTrigger toggleClass,200ms,power1.out,"ScrollTrigger.create({ start: 'top -80', onEnter: () => header.classList.add('is-compact'), onLeaveBack: () => header.classList.remove('is-compact') });",Class toggle still applies; CSS transition disabled under the reduced-motion media query,"trigger.kill()",Toggle a class and let CSS transition padding/background — do not tween the header with GSAP every frame,"Hiding the header on scroll-down without restoring it on scroll-up strands keyboard users"
19,slide-in-after-hero,"sticky cta, floating bar, appear after hero, mobile call bar",tier-1-restrained,ScrollTrigger enter past hero,250ms,power2.out,"ScrollTrigger.create({ trigger: '[data-hero]', start: 'bottom top', onEnter: () => gsap.to(bar, { yPercent: 0, duration: 0.25, ease: 'power2.out' }), onLeaveBack: () => gsap.to(bar, { yPercent: 100, duration: 0.2 }) });",Bar visible from the start with no transform,"trigger.kill()",Add bottom padding equal to the bar height to the page so it never covers the footer action,"The bar is inert but still intercepts pointer events while translated offscreen if pointer-events is not managed"
20,cta-emphasis-on-approach,"cta emphasis, attention, glow, pulse, button highlight",tier-1-restrained,ScrollTrigger once,400ms,back.out(1.6),"gsap.from('[data-cta-band] .btn', { scale: 0.96, opacity: 0, duration: 0.4, ease: 'back.out(1.6)', scrollTrigger: { trigger: '[data-cta-band]', start: 'top 80%', once: true } });",Button at rest and fully visible,"trigger.kill()",One emphasis only. A pulsing CTA loop is a dark pattern and a distraction for cognitive accessibility,"Infinite pulse animations violate WCAG 2.2.2 and make the page feel like an advertisement"
21,list-filter-fade,"filter, list update, results, search, sort",tier-1-restrained,state change,200ms,power1.out,"const state = Flip.getState(items); applyFilter(); Flip.from(state, { duration: 0.35, ease: 'power1.out', absolute: true, onEnter: els => gsap.fromTo(els, { opacity: 0 }, { opacity: 1, duration: 0.2 }), onLeave: els => gsap.to(els, { opacity: 0, duration: 0.15 }) });",Immediate DOM update with no transition,"Flip state discarded automatically",Announce the result count in a polite live region regardless of animation,"Animating removal without removing the node from the accessibility tree leaves filtered-out items readable"
22,facade-click-to-load,"video facade, lazy embed, click to play, youtube placeholder, third party",foundation,click,none,none,"btn.addEventListener('click', () => { const f = document.createElement('iframe'); f.src = embedUrl + '?autoplay=1'; f.title = videoTitle; f.allow = 'autoplay; encrypted-media'; container.replaceChildren(f); }, { once: true });",Identical behaviour; the facade is not motion,"iframe removed on unmount",Saves 300-800KB of third-party script for every visitor who never plays the video,"Autoplay on the injected iframe without a user gesture is blocked and the visitor sees nothing happen"
23,webgl-hero-orbit,"3d orbit, product rotate, r3f, three, model spin, inspect",tier-4-spectacle,in view plus pointer drag,continuous or on demand,none,"<Canvas frameloop={active ? 'always' : 'demand'} dpr={[1, 2]} gl={{ antialias: true, powerPreference: 'high-performance' }}><Suspense fallback={null}><Model /><OrbitControls enablePan={false} enableZoom={false} autoRotate={active} autoRotateSpeed={0.6} /></Suspense></Canvas>","Render the poster image instead of the Canvas; do not mount the WebGL tree at all","useEffect cleanup: cancel autoRotate, dispose geometries and textures via useGLTF.clear",Gate mounting behind an IntersectionObserver and set frameloop to demand when not in view,"Mounting the Canvas on every route keeps a WebGL context alive and the tab burns GPU while hidden"
24,webgl-scroll-scrub,"3d scroll, model scrub, rotate on scroll, exploded view",tier-4-spectacle,ScrollTrigger scrub driving a ref,scrub 0.8,none,"useEffect(() => { const st = ScrollTrigger.create({ trigger: sectionRef.current, start: 'top top', end: '+=150%', scrub: 0.8, onUpdate: (self) => { modelRef.current.rotation.y = self.progress * Math.PI * 2; invalidate(); } }); return () => st.kill(); }, []);","Poster image at the composition of progress 0; the section becomes a normal static block","st.kill() plus dispose of the scene",Use frameloop demand plus invalidate() so frames render only when the scroll progress changes,"Driving three.js state from React state instead of a ref re-renders the whole tree on every scroll frame"
25,page-transition-curtain,"page transition, route change, curtain, wipe, overlay",tier-4-spectacle,route change,500-700ms,power4.inOut,"const tl = gsap.timeline(); tl.to('[data-curtain]', { scaleY: 1, transformOrigin: 'bottom', duration: 0.5, ease: 'power4.inOut' }).add(() => navigate(href)).to('[data-curtain]', { scaleY: 0, transformOrigin: 'top', duration: 0.5 });",Navigate immediately with no curtain,"tl.kill() if navigation is interrupted",Move focus to the new page heading after transition and announce the route change in a live region,"A curtain that delays navigation by 700ms makes every click feel broken and hides the real load time"
26,cursor-follow-spotlight,"custom cursor, magnetic, spotlight, pointer follow, hover glow",tier-4-spectacle,pointermove,continuous,none,"const xTo = gsap.quickTo('[data-cursor]', 'x', { duration: 0.4, ease: 'power3' }); const yTo = gsap.quickTo('[data-cursor]', 'y', { duration: 0.4, ease: 'power3' }); addEventListener('pointermove', e => { xTo(e.clientX); yTo(e.clientY); });","Disable entirely; keep the native cursor","remove listener; kill quickTo tweens","Only bind on (pointer: fine); never replace the native cursor on touch. quickTo avoids creating a tween per event","Hiding the native cursor with cursor: none removes the visitor's ability to see focus and hover targets"
